ID,Grade 1,Grade 2,Grade 3,Grade 4,Output
1,27.01433614,84.17450995,45.65514737,6.645097585,Red
2,47.46113498,4.848153284,89.54687887,74.50157359,Blue
3,28.9303835,63.62967493,76.36074151,79.80134579,Blue
4,33.43785333,53.5148698,41.39343429,68.73529204,Blue
5,44.85898041,6.416169252,39.88363201,16.17215732,Blue
6,27.5290315,33.19331284,84.66839767,7.884133857,Red
7,67.04949108,15.53014454,62.9146273,36.70237735,Red
8,89.91482661,87.69222476,41.35894711,82.02725859,Red
9,30.47018328,57.09031786,40.62669685,16.8106323,Red
10,83.58463273,8.750534289,30.90336625,76.85776296,Blue
11,40.44630386,14.20408981,3.740281101,85.18196291,Blue
12,34.16984333,83.53421051,28.95261506,23.11608956,Red
13,58.39451826,52.7421163,17.69598455,74.96747946,Blue
14,80.10403964,37.38155914,31.88905881,90.49162294,Blue
15,7.247258228,92.64123778,18.84703727,1.927516025,Red
16,67.66930374,45.33031604,4.636737884,43.4062616,Blue
17,66.59294716,28.69882272,54.17094871,62.75699501,Blue
18,94.14033933,47.72013094,13.35702469,37.54268494,Red
19,47.49070833,97.25634534,36.83716384,47.01357618,Red
20,97.46528933,90.4851386,44.83005518,43.53084888,Red
21,12.54181819,6.060185136,91.36988663,82.4921584,Blue
22,8.184450127,93.44154578,50.25605175,83.39393488,Blue
23,94.48277543,21.06431171,80.57546309,42.28316789,Red
24,55.0584745,68.10428927,49.3644178,59.72384616,Red
25,39.52228053,81.15108388,14.24027502,71.37584072,Blue
26,98.38093006,31.7118811,1.783001796,84.31911563,Blue
27,62.93577682,2.639521921,28.62868637,55.65650881,Blue
28,58.1387682,12.12807063,87.65009542,89.96168639,Blue
29,83.49545958,19.45098262,45.32786923,59.37769757,Blue
30,63.42198247,96.5074846,66.32529019,91.54215406,Red
31,41.77653951,42.08885192,70.72342764,62.53689531,Blue
32,56.46082736,71.88910575,64.09524107,76.32024114,Red
33,85.29228691,14.98413348,49.47365229,30.64199257,Red
34,24.92561085,38.88896265,88.1810933,19.49264316,Red
35,31.94355622,36.08081285,93.77785127,35.47115029,Red
36,42.05312048,39.42383416,21.7365499,72.01597173,Blue
37,57.44310883,88.80724598,43.97594372,10.6479549,Red
38,98.58588921,46.01797684,32.13798231,85.98700175,Blue
39,32.42579286,44.18391965,57.18594372,71.11271962,Blue
40,80.426164,68.14550538,99.94110858,56.72958804,Red
41,54.45626141,20.0014273,20.27110765,5.813237546,Blue
42,7.504228291,13.60931564,16.14753551,3.276312686,Blue
43,98.97758708,60.67151292,18.36781739,46.95483192,Red
44,71.93860464,84.40931227,68.45716953,87.92228594,Red
45,29.90292917,90.34114954,82.25027702,0.702561192,Red
46,84.07956109,1.838007272,20.9593947,31.61630141,Blue
47,72.28461704,76.30741335,2.876675298,31.76629328,Red
48,65.55307147,83.69672083,30.62245733,33.16334185,Red
49,83.19580476,65.25929212,21.42302958,88.64232543,Blue
50,11.72533325,25.34571405,48.05477857,38.85882648,Blue
51,64.44262776,9.016127549,6.906664893,3.661312911,Blue
52,75.78279852,21.36516286,48.44462485,8.252570283,Red
53,72.31597261,14.25747301,0.617918066,60.92109595,Blue
54,55.33528098,25.82932756,23.69593749,58.83856344,Blue
55,96.41493911,25.96492157,87.7185623,24.86233056,Red
56,84.03571093,99.06414517,61.2975626,55.94379873,Red
57,19.18498052,18.18181593,62.84139497,41.02970354,Blue
58,48.4334045,32.18731943,9.415160106,29.09182746,Blue
59,10.31761054,38.70619784,38.83924796,67.6636968,Blue
60,96.91474704,93.03045833,0.429022633,38.14426439,Red
61,69.42856498,51.88042637,9.790870666,44.9619593,Blue
62,20.75034617,78.0421986,17.77100808,16.4093868,Red
63,87.53561837,90.43482307,65.82634835,27.85924011,Red
64,78.93310261,59.40473296,95.92638382,41.37089391,Red
65,78.0901905,56.23781153,78.0794415,53.97631112,Red
66,82.76895187,86.0437257,54.3640343,19.93505574,Red
67,76.22462649,76.04157719,99.45830327,91.68739803,Red
68,22.46982661,20.54310482,45.45981099,40.80371215,Blue
69,57.37891325,18.28505586,19.81584771,25.47340255,Blue
70,95.09572263,54.62709686,44.38642397,92.02489874,Red
71,87.33122814,57.02510761,66.55023923,36.79701411,Red
72,83.04756523,79.48878157,13.43619497,39.42856645,Red
73,85.13998964,60.69692518,77.45298295,30.16844528,Red
74,46.85534736,80.55184651,11.92395332,1.492418036,Red
75,14.21431563,56.7106706,58.41533038,31.18640823,Blue
76,46.06072951,7.899322678,29.21953591,68.11417323,Blue
77,76.46117509,36.40640636,70.34108947,4.487798565,Red
78,36.63535278,91.37695725,77.08709023,28.61713307,Red
79,20.34596153,68.7021205,81.65512928,38.43496173,Red
80,13.25189575,92.39469077,28.14521766,98.75522369,Blue
81,60.72904448,37.62928271,10.84750125,8.796569159,Red
82,82.88705573,53.62388396,62.27349521,40.15414991,Red
83,90.60831763,17.24393237,44.59972775,81.7862619,Blue
84,79.43709069,60.88582051,80.46377892,36.06668975,Red
85,35.65231267,26.6546387,65.45898165,30.33741105,Blue
86,74.87827849,0.706092873,8.948611556,33.85393261,Blue
87,77.4133685,2.766130057,66.8693627,64.50188944,Blue
88,63.04006791,43.1290337,0.21947438,0.960728034,Red
89,83.24423071,27.77544183,28.24551763,0.609562435,Red
90,69.78804261,80.0446916,51.31784019,26.99797027,Red
91,68.24856309,35.52810375,52.14367218,80.10919699,Blue
92,76.6520522,66.64919144,8.291619593,36.24822661,Red
93,51.08448659,27.0888851,46.24101632,47.38461286,Blue
94,49.48828636,46.52163924,74.10610385,63.15488762,Red
95,70.71319632,44.24410004,5.345888891,32.63667672,Blue
96,13.90956174,23.60320377,34.06398405,45.16346674,Blue
97,51.71700586,8.84083589,49.85763621,95.74446868,Blue
98,84.75906023,50.74493563,13.56522697,59.7717292,Blue
99,70.86454213,81.71817467,70.93278735,66.8767607,Red
100,56.76639349,58.13143851,79.36687996,30.68244823,Red
101,26.90817128,59.9443967,2.312984083,23.14883515,Blue
102,27.03705309,1.39836912,46.64640607,56.04730386,Blue
103,59.25955746,92.19475978,36.79400962,97.21697559,Blue
104,37.63586809,67.57522208,24.29569918,0.428215472,Red
105,82.24298195,53.36838847,72.31066935,68.86956719,Red
106,18.03127584,13.33138166,31.60919016,76.66339886,Blue
107,93.9147272,98.71256814,41.99993307,12.400039,Red
108,87.03232759,43.25125778,21.34555057,74.7869511,Blue
109,71.42002807,55.50489896,58.3434994,20.25072537,Red
110,72.20821767,53.49843037,74.97159759,67.03961728,Red
111,20.166961,11.30513886,13.29427598,60.04720317,Blue
112,75.18018884,14.09991929,20.55886095,23.2514629,Blue
113,92.32903462,89.04690633,57.82798585,22.90846286,Red
114,57.33458027,60.0628416,76.37522161,6.439154112,Red
115,62.60038764,88.94004958,23.95857505,98.85692901,Blue
116,17.03222396,67.34796758,7.203221431,47.9678392,Blue
117,22.64600289,22.3238937,12.82052798,46.05824407,Blue
118,31.87580182,76.31528704,2.954148163,65.15122811,Blue
119,52.04026081,79.81799347,87.45926827,91.32972604,Red
120,59.95948233,76.95390877,27.37041754,15.03401367,Red
121,43.02926181,38.21188932,72.7612239,38.67785488,Red
122,86.51401828,56.9870419,88.14732878,43.50642905,Red
123,48.61095103,47.82216395,42.21502517,63.50480321,Blue
124,26.54274869,33.09732066,83.99344434,92.05130609,Blue
125,28.98294234,17.83981225,68.16922473,74.89302514,Blue
126,65.42654772,94.00751904,23.79015232,20.42744074,Red
127,87.7394336,45.81394885,34.08694721,19.50438082,Red
128,14.14151036,28.06719151,46.32977731,94.28502687,Blue
129,72.98035395,98.08893822,20.76357242,76.75052399,Red
130,16.94714078,34.23685146,91.44672241,64.70886756,Blue
131,22.10475308,99.6894675,77.85144933,48.15849409,Red
132,19.736388,3.287653143,78.45174173,6.890514835,Blue
133,66.5877249,53.3811907,28.53911754,57.09617255,Blue
134,22.2742993,94.2533461,25.93041008,0.638758532,Red
135,96.96329298,46.30662815,15.42454389,75.63608338,Blue
136,4.525429651,83.08137619,29.63557687,59.56646314,Blue
137,52.38691591,7.880633092,85.41792638,56.2792682,Blue
138,87.9223919,61.26445569,11.03333478,94.27075653,Blue
139,34.87775723,71.54514211,89.97992848,13.06354363,Red
140,55.82023604,89.17109873,80.18077209,82.21701642,Red
141,31.62982938,67.73281562,74.6425657,60.41393244,Red
142,82.42712547,49.22410671,15.95319255,66.72352126,Blue
143,64.348602,79.68235907,0.804397697,74.15711882,Blue
144,80.44552057,63.60720984,73.68085755,6.673169572,Red
145,7.481639713,68.31975635,73.10778128,8.960836652,Red
146,87.72052124,24.16246737,36.90361966,27.47064947,Red
147,42.75709146,8.463851244,93.90490463,61.78008512,Blue
148,29.76942305,10.38543643,26.71862381,33.89630126,Blue
149,86.8243217,7.542524686,29.38105162,33.25231393,Blue
150,19.41413342,54.69511824,68.81167912,88.97581075,Blue
151,83.30636729,70.70661929,45.35350667,47.7652422,Red
152,28.72359126,15.06832421,77.57962516,16.22187995,Red
153,5.411609307,43.01171942,45.48993077,60.57627303,Blue
154,24.75068314,22.97683492,72.48462015,30.94726552,Blue
155,56.80082689,36.09405408,44.78013766,64.9694725,Blue
156,42.79842474,89.03356306,38.72403123,63.29980649,Red
157,35.56631321,57.69450372,52.2791645,96.32752675,Blue
158,47.71332154,16.84215092,24.07728226,5.088954291,Blue
159,35.31656165,12.72254303,40.27166237,49.60630492,Blue
160,19.58245916,2.874342212,40.73071933,75.48249093,Blue
161,71.72652687,88.24111441,42.14810727,74.59560225,Red
162,78.17223096,96.07375426,29.61225221,98.09683622,Red
163,26.8016236,64.63011244,63.08504971,7.985464275,Red
164,12.24981193,83.80769105,68.72524395,92.82551755,Blue
165,90.008846,73.32155024,7.766574117,88.87363293,Blue
166,7.881485874,43.55344087,98.36424428,42.93200762,Red
167,81.11908446,76.6705289,23.07414414,50.97767815,Red
168,47.49071495,99.57237297,13.83883774,88.2560146,Blue
169,11.13688344,5.54842087,30.45577463,10.59006819,Blue
170,53.57810189,63.87781717,37.37653934,50.69481328,Red
171,21.44123512,27.71822639,62.31262915,99.11823958,Blue
172,94.74176009,84.47263947,44.78434018,1.960229509,Red
173,80.28420749,75.78098784,84.16031132,8.341062056,Red
174,51.11174028,28.22778084,29.07679919,94.81505224,Blue
175,93.11027477,65.42779977,85.57077313,53.93871545,Red
176,4.735734032,47.57252603,88.92849467,18.20213563,Red
177,87.46799912,7.923402978,3.648443929,77.08313755,Blue
178,57.76445747,58.02364869,55.28024872,72.62753486,Blue
179,52.52154682,53.78538957,4.618030263,9.37869528,Red
180,41.147693,3.485140715,48.31681293,18.31360694,Blue
181,45.95920348,80.62289815,67.25373794,40.65927448,Red
182,91.86280186,32.80733746,51.20148785,32.3672672,Red
183,37.83396269,39.54576824,46.27382134,79.90083927,Blue
184,39.31503325,18.25239241,73.86597875,50.06481175,Blue
185,10.45771137,90.59673753,38.68347468,19.53115228,Red
186,35.96403857,35.69022929,49.06776693,0.463159189,Red
187,89.66908639,78.21927403,10.1209884,1.009589261,Red
188,84.60787834,2.455856132,37.67140274,86.89355541,Blue
189,70.9620845,41.84826277,34.60876377,36.62114582,Red
190,18.29478868,94.46098532,51.34346627,36.92014521,Red
191,84.48145007,74.11293154,83.59941586,64.1108456,Red
192,77.74097058,28.62684006,53.3859576,7.724152299,Red
193,54.45692916,86.94150233,36.4473181,98.14259142,Blue
194,33.03563235,91.71458044,60.93319548,77.53704174,Red
195,38.41468769,89.70439575,22.43886431,4.946824765,Red
196,91.38638498,30.37470491,84.00233726,97.12385278,Red
197,87.94573145,9.645291333,85.93176764,99.14429973,Blue
198,78.18926411,31.20598684,48.3212337,50.90440324,Red
199,1.404229147,19.47414129,75.43577723,24.59670405,Blue
200,65.24925514,39.15767806,91.24585498,94.65051198,Red
201,59.80208619,40.21914634,88.28046823,56.28799198,Red
202,67.04531138,24.35331361,54.72941399,49.02142602,Blue
203,97.45805945,26.35846806,10.47972173,24.85285648,Red
204,94.60227783,16.89455433,15.90212468,74.95081495,Blue
205,49.61581956,85.82968478,52.98985937,1.514400525,Red
206,60.09202341,38.4467168,25.85810761,71.15651246,Blue
207,6.984619,43.4593733,77.9933291,78.22506258,Blue
208,2.283848775,30.02898433,58.16312953,94.50645092,Blue
209,5.00211068,1.748485602,63.67727036,95.68565462,Blue
210,66.77107047,72.64905429,9.22542332,89.68260105,Blue
211,19.48894272,24.40511605,57.66798083,67.13312535,Blue
212,19.52842686,54.68874654,19.20390753,63.60223808,Blue
213,23.02328592,51.2712925,2.122881427,67.22508659,Blue
214,90.31575355,15.12591685,86.03023131,29.15773532,Red
215,2.495964931,61.77503486,35.0534612,90.91165506,Blue
216,54.18484477,58.09079247,91.59520633,5.173813868,Red
217,25.05229191,82.90640827,80.39874236,0.869319629,Red
218,99.70847033,52.90879415,60.27449443,94.88403919,Red
219,10.6176913,69.80708289,18.2943938,22.30239005,Blue
220,35.31557567,65.42387616,67.9235116,6.982920185,Red
221,71.94276726,58.255242,29.32914174,41.07713002,Red
222,65.5682327,11.91581678,71.63600166,42.21075615,Red
223,72.16785692,65.4481212,66.90048924,14.07278935,Red
224,47.79076354,53.26491066,59.0903858,36.92807013,Red
225,20.18155367,48.64522457,15.60303535,35.08054728,Blue
226,66.22904395,99.81963086,59.83502178,14.39354513,Red
227,94.6292972,30.34606967,40.46687977,15.72189074,Red
228,51.37173375,98.31404016,58.77895878,62.90870333,Red
229,91.21584056,21.67295344,36.32280094,98.02084035,Blue
230,57.47090898,41.45915826,3.991409638,13.90352004,Blue
231,64.230778,83.36028424,42.58125469,44.87110426,Red
232,45.02046251,17.71654752,26.04836638,22.51741726,Blue
233,27.17584136,19.72223911,52.77103987,14.92307445,Blue
234,34.83780218,42.91955837,78.98206815,74.00226632,Blue
235,6.095721715,84.8051461,95.1257327,46.81101754,Red
236,83.20396574,15.93240873,22.63546632,15.27057076,Red
237,33.6575494,67.92986458,89.65825473,67.89240233,Red
238,29.88759006,15.24182886,32.09007822,4.11601251,Blue
239,83.2942035,23.06920606,6.915204801,81.98284793,Blue
240,52.91473823,96.39298811,62.54436626,91.04772123,Red
241,9.353605259,38.96025761,10.28841405,6.807006785,Blue
242,25.41680888,2.047735119,70.8742534,42.7499404,Blue
243,59.64041917,55.79484679,70.02868762,96.60363657,Blue
244,27.96200575,20.53546301,62.70212925,59.70384958,Blue
245,7.575639854,63.47678934,26.00725998,1.142368235,Blue
246,75.80948493,55.13012592,14.60291803,91.5539235,Blue
247,27.22701429,86.95575881,82.41549995,6.217144047,Red
248,5.926195491,22.40274576,80.42585508,38.12714227,Blue
249,34.34203347,59.13221644,59.33549427,98.83197419,Blue
250,66.29126329,75.64732862,60.05765358,2.034442985,Red
251,76.4324392,16.54901694,60.53685914,34.38262879,Red
252,50.25315587,49.62244383,48.27573506,85.52778462,Blue
253,15.98285106,43.28814978,39.69353103,59.48583613,Blue
254,31.96268145,83.90483248,86.0615423,24.23541002,Red
255,23.91749796,84.10087679,55.55200253,34.15098067,Red
256,9.008867765,60.08009591,98.51499371,89.25087497,Blue
257,31.26689671,13.21296693,11.63968123,97.39508276,Blue
258,41.49322883,48.13575207,36.21280891,2.292266045,Red
259,6.767389856,53.81626893,9.543931951,49.01474005,Blue
260,54.59312991,71.98177857,15.89982934,72.99748142,Blue
261,57.1986317,71.47669658,4.000267349,32.27162124,Red
262,99.47728015,82.13602071,3.686666718,97.66748494,Blue
263,42.654415,50.60346317,44.03848002,26.63782438,Red
264,20.4794362,28.1757837,20.04651754,59.06725741,Blue
265,50.61252963,38.6155975,45.36821609,11.38417887,Red
266,82.76500495,0.570460913,35.78375091,54.56312448,Blue
267,39.08761463,98.17663169,90.29641167,92.42533274,Red
268,96.47365261,8.855465417,52.61276334,55.37304349,Red
269,86.16476624,12.52214121,58.63643962,76.58988003,Blue
270,50.64757749,0.074457506,98.73280708,96.66759024,Blue
271,15.07246833,58.00896471,8.044873889,70.03762793,Blue
272,86.0285521,11.13649211,25.70937754,17.75581899,Red
273,86.98476869,20.69176845,78.86347699,7.32073234,Red
274,49.48381466,66.69551599,58.45748904,43.71385234,Red
275,74.86465686,76.91287054,80.7874888,37.04943182,Red
276,73.94090552,26.71733455,5.403500324,9.507679354,Blue
277,61.84107842,95.38917678,72.78776769,57.17317462,Red
278,26.56617809,90.42400067,10.82568258,79.58163388,Blue
279,10.16167062,38.62469488,69.61576867,79.78982136,Blue
280,19.84313294,84.4538202,54.00883526,2.863225986,Red
281,41.90851456,90.59189663,31.73998548,68.41569597,Blue
282,40.45670651,44.74946896,81.79938248,96.4757616,Blue
283,17.25346745,39.70699221,39.91011544,0.563085753,Blue
284,96.40107005,82.58185029,73.67011218,47.32562438,Red
285,25.98958795,7.503848395,71.46596233,17.77985111,Blue
286,77.87658589,60.64745727,27.07313948,61.98265909,Red
287,83.15796773,1.955971522,48.11027838,50.47569797,Blue
288,97.67518144,27.24548938,64.06132996,52.03838167,Red
289,18.18539067,55.30749367,64.5053965,9.510020407,Red
290,49.66570649,10.46646416,18.06498393,70.03130073,Blue
291,50.71514694,7.297043477,58.01312155,26.61004122,Blue
292,11.90002314,90.65629264,59.03410192,76.80202763,Blue
293,38.06284785,28.3010964,64.72738119,19.06779652,Red
294,58.3157892,7.140643876,77.27868849,18.85561347,Red
295,63.02787392,54.14884092,54.26053676,50.55095782,Red
296,51.13311227,95.65519146,80.84783603,7.129839706,Red
297,42.0684512,70.96985929,53.42364373,9.740960318,Red
298,42.79639929,47.72741475,37.04093407,27.10997956,Red
299,88.58959755,37.23115025,34.19621265,52.39103381,Red
300,16.55210149,69.32312424,8.389548611,46.14706558,Blue
301,99.84824464,2.20081291,45.17916748,55.17435335,Blue
302,54.30458025,25.49975617,37.63682384,57.07573993,Blue
303,63.40191316,78.54684761,77.54079993,45.98909836,Red
304,65.68009016,52.44818654,61.75133195,96.58986029,Blue
305,89.68241211,45.92539982,31.07240982,15.65603008,Red
306,2.266103,51.717937,20.78113225,96.11644315,Blue
307,26.34546701,97.72620258,72.90820711,78.72578756,Red
308,40.80804433,83.68666422,18.84732984,73.69068988,Blue
309,33.21895625,18.65425141,91.05719761,17.33145002,Red
310,20.66755705,62.48485897,79.45730487,17.89636199,Red
311,7.842196301,66.37647572,29.39234156,18.14259984,Blue
312,2.502083158,1.307420908,76.59090608,8.005036022,Blue
313,12.14408081,93.85566554,35.97436486,63.50276438,Blue
314,93.24597896,22.82849555,30.10061279,92.55301551,Blue
315,92.8117646,20.50261873,78.98649256,11.99302442,Red
316,96.86124627,15.95119327,96.61075719,92.25245643,Red
317,31.74822882,81.31498464,12.04188718,80.42101552,Blue
318,88.58964864,47.53385641,53.34549186,69.86716388,Red
319,55.48905057,94.08196794,56.24143605,2.487500419,Red
320,81.48932958,77.41890197,85.11572068,88.22923109,Red
321,64.03697701,34.76506968,34.18117753,39.11159116,Blue
322,65.60965793,93.93837104,58.96457691,22.77468883,Red
323,86.05475933,41.41743528,70.88101525,81.07996082,Red
324,92.10347178,47.95713879,38.05591177,85.85129272,Blue
325,69.80238844,38.52978982,84.54115223,92.42208495,Red
326,20.9399587,9.547510544,26.94191596,62.69518987,Blue
327,32.14949763,42.71219289,83.88331348,47.70016228,Red
328,55.8304611,71.56255088,96.23668374,54.90844663,Red
329,98.54680508,88.3402563,63.75502814,52.72414872,Red
330,62.41704629,13.02313399,20.1185313,40.53137508,Blue
331,10.97832038,14.59637006,35.45067307,28.24178936,Blue
332,33.89924974,75.76634405,98.88804287,10.24774083,Red
333,92.14276401,16.53725138,85.40247882,5.560541163,Red
334,2.011607013,57.91945795,86.84522803,42.69599184,Red
335,98.23820951,25.67977211,93.97322516,70.59994235,Red
336,71.71849386,38.08434235,69.79248598,97.01021476,Blue
337,12.97505251,23.3366656,20.05572894,66.66965036,Blue
338,54.64308291,19.3151669,71.77493693,99.91042343,Blue
339,1.897274238,89.5700763,87.16592732,85.38882001,Blue
340,62.13345119,2.765265863,38.20659581,72.52146758,Blue
341,78.14600256,48.57107161,91.43507699,94.60498038,Red
342,9.712786453,25.14418492,46.69175065,25.43131743,Blue
343,12.12401393,10.6369393,72.7908834,57.05382686,Blue
344,85.54261928,95.97873535,55.67567877,5.587046192,Red
345,30.40688964,61.03753016,40.20563093,20.7785014,Red
346,68.48706153,66.1437501,66.98551126,55.80910147,Red
347,8.359247121,33.65297842,36.44775015,0.769372846,Blue
348,33.00445392,56.1903923,72.09717475,53.98118743,Red
349,10.35896411,46.91795382,21.37619043,21.71931008,Blue
350,1.36448451,81.98805633,64.84828568,6.866001142,Red
351,82.94214053,59.66331411,26.06924818,80.99142204,Blue
352,76.47264322,28.75632871,62.20350616,33.74696663,Red
353,18.31105118,65.23524412,90.78437629,58.10950639,Red
354,10.48388253,37.08651738,58.56197185,99.62946947,Blue
355,53.11268542,58.83864818,23.81417947,20.41083149,Red
356,85.43019089,10.56394072,42.61949232,32.4906311,Red
357,85.16095349,67.45935032,68.82806963,32.24468398,Red
358,11.34803043,52.35836475,77.58241629,13.03523889,Red
359,87.06338786,11.78224156,2.443621565,81.88812562,Blue
360,11.20133293,15.81591422,39.9263207,98.37205551,Blue
361,4.463279774,65.17052609,60.66693687,51.50050135,Blue
362,13.24293052,23.97905949,88.60323117,34.46708529,Blue
363,42.94450753,19.69707257,17.03890198,97.52996864,Blue
364,2.262355937,42.08580809,19.63238902,92.88959825,Blue
365,94.56709642,41.13949461,19.9542343,96.15384066,Blue
366,18.29185281,19.29415699,30.7903171,43.23801603,Blue
367,19.98883199,19.88105175,88.15677459,51.14782627,Blue
368,68.34494188,38.91417352,82.24081867,91.26317072,Blue
369,46.75354137,93.53969595,99.45638387,54.33102779,Red
370,38.34131437,48.91288994,36.75719103,12.56491167,Red
371,94.75108268,96.19277803,88.49878868,91.70375068,Red
372,91.31602369,25.73362132,31.89561294,72.14099087,Blue
373,13.22710869,32.85471015,58.33191003,82.49637668,Blue
374,86.79781509,90.13872306,49.22266589,7.959962723,Red
375,96.19417136,92.92700565,82.53881898,80.97286655,Red
376,30.88810551,44.76128598,79.91212446,39.58227638,Red
377,47.55792609,13.46989625,84.03325561,60.62946355,Blue
378,70.27834341,33.28459545,81.49727483,14.0855167,Red
379,2.89452435,11.08360787,16.28897486,50.99742611,Blue
380,68.6766926,58.9728275,76.83335838,65.82837925,Red
381,26.28159425,38.71343996,20.83487849,69.0746805,Blue
382,54.3823743,0.47001126,30.38866438,53.93678964,Blue
383,99.94603465,96.35296442,50.3393988,17.86469589,Red
384,66.26227529,60.57958182,53.19812337,52.29224279,Red
385,89.21386463,17.30096038,42.11157375,96.69200601,Blue
386,67.37972962,57.33296499,5.944086139,56.38644695,Blue
387,27.62933284,10.60285898,98.4131637,63.14070484,Blue
388,87.63737551,83.0500155,92.17871491,75.06364405,Red
389,12.71287447,95.79359692,10.01389678,97.11576394,Blue
390,53.11364823,82.75474068,51.18847933,30.96048007,Red
391,63.80029645,78.16656101,20.47946359,24.97764022,Red
392,55.41136987,42.51333021,53.70021751,62.80345524,Blue
393,69.95658904,16.56253627,13.07668939,82.90635123,Blue
394,88.86434268,35.25509133,47.73469154,87.62992906,Blue
395,90.17310603,2.091047734,36.02094573,38.82256723,Blue
396,33.50471772,46.7345152,76.92892024,89.2488594,Blue
397,80.54491925,24.1096705,26.01394179,89.16078076,Blue
398,40.22067242,90.47683972,46.29785796,75.17499341,Red
399,63.47806847,70.97083184,4.104727809,26.21187916,Red
400,94.28725321,64.6574238,46.23918975,34.57067679,Red
401,35.63837986,11.75884785,32.16776694,8.402748351,Blue
402,65.62901573,2.22290351,90.08514597,21.84200894,Red
403,69.15733506,40.84381017,34.26175938,45.91216464,Blue
404,36.90450351,44.36888236,61.57005505,48.84268035,Blue
405,9.629935961,77.21725104,33.86843419,92.72025582,Blue
406,95.60470025,77.3228308,36.70336983,52.79495444,Red
407,58.86213401,25.43612899,46.18667177,20.46455074,Red
408,65.58621174,69.97587781,50.14669418,72.82625524,Red
409,17.8604085,20.01089119,75.20429294,79.49780162,Blue
410,99.64105952,21.3316235,76.51738946,75.86999682,Red
411,47.99210896,19.39504958,83.97448082,15.99910334,Red
412,32.80359337,48.51323593,23.79801011,39.61928761,Blue
413,38.45269288,35.66667799,6.675457056,62.72639125,Blue
414,17.03233978,27.64047233,14.23134133,66.38727226,Blue
415,18.72119521,79.418438,71.3416968,67.89966043,Red
416,36.03732559,12.25793427,31.43973709,11.02332162,Blue
417,41.64449672,37.59348782,17.15194873,92.74788663,Blue
418,42.56094709,33.4972059,48.09115013,93.60396568,Blue
419,9.56511514,77.41596955,59.84190454,65.03756342,Blue
420,82.43238912,34.23323635,11.46761015,38.51414572,Blue
421,49.74901948,5.720323625,79.67666164,48.69850654,Blue
422,51.48416225,14.50822277,40.92780115,58.92736288,Blue
423,15.99446923,82.47257429,25.22233859,97.98500039,Blue
424,64.86883237,88.62764974,57.64407469,19.11949083,Red
425,75.90398904,90.09786002,57.69092711,70.78043512,Red
426,54.73961337,26.97637463,28.87311701,62.37607542,Blue
427,92.71423659,12.7884457,86.82587791,79.34926821,Red
428,57.35855468,70.93795293,23.35187244,79.60835949,Blue
429,88.97017998,56.95293754,26.24155068,54.94969776,Red
430,98.44913974,84.19583857,9.113977379,60.78243508,Red
431,75.80398907,59.35977137,71.57471763,39.49286916,Red
432,5.118734995,83.8797744,82.64002336,72.59662443,Blue
433,46.94800255,64.81784795,94.48401909,5.632732348,Red
434,21.90270765,27.3545562,86.34678276,66.73203549,Blue
435,25.87068467,1.689639063,38.13455143,35.06894119,Blue
436,13.60358993,29.12169068,19.01581369,0.953928141,Blue
437,6.855580044,71.33461251,11.39962281,59.33639636,Blue
438,72.42799433,53.77300632,90.7560795,37.52981995,Red
439,65.68282636,72.70823716,88.86398708,42.58840195,Red
440,55.21614612,86.07375827,44.58475893,47.50972478,Red
441,16.78760031,67.36985715,93.54396235,48.74563852,Red
442,10.17176734,76.3325238,18.8409416,7.747861837,Blue
443,23.21661155,91.10635566,80.98313083,18.34422893,Red
444,27.30754136,83.78771919,27.77042898,0.602712563,Red
445,87.6862324,74.00511936,14.62406802,52.67790255,Red
446,71.470332,30.46814535,5.79132428,29.7173722,Blue
447,42.28051967,26.94262461,89.13994647,98.83969458,Blue
448,75.93703719,65.8853138,6.49227937,3.834554887,Red
449,29.53546904,96.43548643,76.92987587,5.830530033,Red
450,5.215456125,26.23898033,61.95671816,77.67506028,Blue
451,21.2234399,18.8677889,49.15426489,24.73855065,Blue
452,70.9171826,30.60348346,39.14514992,82.25154071,Blue
453,99.01885925,20.19406143,79.02116828,37.01753177,Red
454,7.213019594,3.705737525,71.54232575,75.29571385,Blue
455,55.50242831,31.6153463,84.90878773,79.9728807,Blue
456,56.58875431,53.50588486,75.54804255,82.44816886,Red
457,7.575095863,61.74629792,85.41881305,3.930486797,Red
458,94.98266402,66.59984229,90.18216692,99.0140641,Red
459,70.72087312,93.24256921,6.067226451,84.43641925,Blue
460,36.28095373,5.551884329,33.83879885,54.05558577,Blue
461,53.55241729,78.55025437,45.66969529,63.16900765,Red
462,51.4943768,71.3666812,93.15358117,17.08461242,Red
463,56.04859277,62.50200698,7.26540465,97.86398965,Blue
464,81.69807206,89.97192399,66.60295382,70.62084684,Red
465,28.77331355,53.47526457,8.861480077,30.70618631,Blue
466,79.73953398,79.58456437,51.88543436,86.38064893,Red
467,58.93436874,24.27851228,32.13215812,67.59317696,Blue
468,50.88937974,78.45558393,49.73722519,87.29092666,Blue
469,80.22808139,46.18612284,68.61636984,6.364396938,Red
470,16.41075133,35.00074054,74.67223277,29.40279485,Blue
471,5.897654913,16.18194316,79.68020507,0.819713768,Red
472,71.17890292,18.38386586,78.93279247,97.06384262,Blue
473,3.089740384,68.83079756,40.70880048,48.75764777,Blue
474,9.216698349,45.10284597,68.12386672,55.93665314,Blue
475,68.8505723,69.38601892,22.61285078,84.64025633,Blue
476,48.4845526,60.93192694,19.61843503,67.02347846,Blue
477,8.548907911,59.02578679,97.60436824,79.62842656,Blue
478,84.40819419,53.49443023,55.68355759,5.271211685,Red
479,7.010562097,44.30605567,21.19428098,24.54132587,Blue
480,11.63642489,78.04784961,72.46611522,79.636558,Blue
481,1.303998572,7.016924384,8.030861943,95.81827789,Blue
482,47.68086704,86.98434579,48.44707547,74.70331708,Red
483,97.90947944,0.81796871,60.59286627,10.35363658,Red
484,67.64465962,80.35887052,60.41455137,23.58587687,Red
485,16.57242385,23.1602097,95.90458743,74.62615425,Blue
486,44.1369095,36.43420665,38.89850692,20.71478812,Blue
487,81.54171853,5.340010773,3.534075582,68.83169463,Blue
488,75.56568042,60.13510583,34.78902047,65.36921344,Red
489,22.55867085,68.17478643,59.85554342,19.53201105,Red
490,33.65299314,41.66372364,74.61854724,71.29504409,Blue
491,21.60345294,55.60556239,54.31374105,4.024901673,Red
492,32.84854184,81.76447867,66.54402822,40.4600877,Red
493,71.3477698,48.43861838,75.61056352,39.62646527,Red
494,3.215602264,61.55827674,72.10395794,38.95334404,Blue
495,8.070831527,72.34343185,60.11136454,19.25847881,Red
496,64.75536742,54.22886248,40.77313442,30.28452509,Red
497,2.140561179,1.72176754,52.31802971,54.12265749,Blue
498,19.42690325,89.58459634,92.79270069,39.34333752,Red
499,23.33584679,99.62760496,50.18539134,91.50698737,Blue
500,18.97965384,56.44631632,50.50773099,77.88354721,Blue
501,24.6098939,5.464798703,99.93552223,92.236557,Blue
502,9.010459933,97.04224443,20.79058656,68.68541803,Blue
503,32.30503331,73.09319177,94.19346847,71.5051829,Red
504,78.32803234,57.5898564,67.72456426,44.64179591,Red
505,50.01137536,24.56007643,94.37679921,65.27949649,Red
506,91.60566787,49.11237452,14.96045141,77.26414914,Blue
507,23.65392534,92.5815484,70.23742526,35.70093945,Red
508,2.889937039,1.754108589,88.14215278,77.8510738,Blue
509,57.14239495,83.72195286,3.460988735,40.06265895,Red
510,97.29918191,67.61642813,42.12247828,18.73675225,Red
511,72.69474512,72.72323834,2.840250301,54.82473454,Blue
512,43.11144156,30.07528264,60.95410786,49.78607116,Blue
513,84.33275459,42.99789084,89.91077572,18.45991586,Red
514,90.41702757,26.0268725,84.46779882,43.82349206,Red
515,67.1246122,30.8938827,64.84880632,32.14112618,Red
516,58.53894936,59.38029855,29.79749227,45.71988878,Red
517,82.22943399,78.97455039,37.72538132,88.50343223,Red
518,90.97853867,9.513172064,89.36871895,99.15477605,Blue
519,45.19058539,6.471792092,63.20309908,13.87982753,Red
520,88.53245594,59.70149469,55.23686062,25.61095669,Red
521,82.12519427,82.38571843,42.61008296,73.68518749,Red
522,47.27550203,1.337229112,34.80648024,48.03482186,Blue
523,82.22233807,71.02433516,58.55602578,69.26199888,Red
524,35.55173614,75.80957633,77.00577256,52.30698473,Red
525,42.1704884,86.41551366,91.31895875,26.02608884,Red
526,58.41274657,63.43961389,45.91954738,2.765133124,Red
527,36.92406397,86.59833746,95.79954978,17.83227009,Red
528,14.64297974,9.426638243,48.00767444,76.78235963,Blue
529,19.64724108,12.49877373,46.18979746,61.96019285,Blue
530,51.57056226,4.869667805,33.32124181,36.30645333,Blue
531,49.24215095,76.75080419,59.60068276,18.99053077,Red
532,17.22360988,39.64600788,56.53458697,24.63518304,Blue
533,90.20156503,8.09886904,75.34203803,91.37414454,Blue
534,27.18160028,67.81647144,30.35165537,1.683473674,Red
535,97.37694866,86.33551308,2.558647535,82.26548639,Red
536,7.549841336,25.3268153,5.950898406,14.29526674,Blue
537,96.39529279,40.45190128,71.22926821,78.87920583,Red
538,47.78090825,44.16834253,30.29973311,19.71727036,Red
539,54.34484734,63.31966573,31.46753889,88.18044611,Blue
540,14.46472719,87.41999609,4.639371985,55.91555675,Blue
541,55.91321773,27.54659014,83.74607428,72.26534859,Blue
542,74.55534069,83.79138792,91.39863777,4.082086082,Red
543,37.64059694,56.01635275,94.69745691,26.28008138,Red
544,14.75146421,89.15078423,51.8983693,7.826060687,Red
545,49.78184568,65.06618424,48.55271299,66.29585922,Blue
546,64.81596684,20.70953751,92.50918133,67.70600801,Red
547,56.28495949,1.831049683,8.814728103,94.5161863,Blue
548,98.19714102,20.18383498,31.74396611,58.91090471,Blue
549,46.2694273,30.36797529,9.199496152,64.60764834,Blue
550,13.99390558,95.30366471,16.17514559,33.65355125,Blue
551,8.544470053,45.75663788,84.709809,61.53034878,Blue
552,74.20166941,12.92957264,52.70501511,72.79876408,Blue
553,24.97187385,64.47920283,80.19333413,13.40727878,Red
554,37.99366971,74.14951003,63.50550218,89.30637844,Blue
555,23.81371775,39.26215521,81.49675232,19.51774744,Red
556,91.540922,44.15503765,34.81200515,57.54445722,Red
557,57.02901794,3.501828631,80.15922949,91.02628165,Blue
558,39.57566633,59.78966667,57.67712058,16.79850287,Red
559,44.28658039,22.36635179,97.46215283,54.6259452,Red
560,60.20341336,2.713863449,60.79364346,52.02755462,Blue
561,73.35203187,34.76228154,59.48017235,28.01800778,Red
562,59.8508091,36.08426305,85.17828922,64.61719223,Red
563,84.58715208,81.44779964,91.96752443,22.91918588,Red
564,75.72993687,92.48314041,72.54733886,71.22620481,Red
565,58.06941546,66.84216553,85.20000392,9.155017914,Red
566,87.45035255,1.332862148,8.353823506,14.18225457,Blue
567,97.89686095,55.43977426,47.58463923,8.062026768,Red
568,8.464948096,78.49753425,11.67403261,92.89659557,Blue
569,15.21021142,12.39165289,14.40502783,22.31316198,Blue
570,86.95520739,5.869542831,64.86296499,13.14913402,Red
571,8.28444487,63.24047346,50.67168829,50.03371816,Blue
572,40.66707526,11.15893624,66.75298541,38.00932525,Blue
573,7.994075992,87.05942275,89.49925177,79.50489952,Red
574,6.966999665,6.743713571,8.246514071,35.74596519,Blue
575,0.452199781,20.24399259,13.58813571,7.11623329,Blue
576,88.25916322,61.96876038,68.92572142,41.6982836,Red
577,65.48088357,96.66635212,39.42272565,87.9544839,Red
578,26.03101652,25.19973543,73.3673703,40.73283703,Blue
579,92.31551125,87.86720798,99.80474966,63.03358243,Red
580,66.34398484,23.1105106,75.26219142,6.693224634,Red
581,93.49329851,71.77474377,80.38831966,14.32930183,Red
582,71.84208696,71.00585579,31.98417078,4.705433862,Red
583,73.74629018,35.15609591,1.90537792,73.94005749,Blue
584,56.37276443,63.61039507,36.44312028,96.37358892,Blue
585,14.91299145,58.53136948,91.47237781,6.237470437,Red
586,92.86634588,1.481096278,77.82611508,44.56760438,Red
587,87.62964834,25.1235847,91.27330358,78.46257409,Red
588,13.03003749,19.79286542,87.88369043,70.27251511,Blue
589,13.8542015,99.0756291,94.60021055,15.89936376,Red
590,47.59891977,1.419006408,9.100818735,16.4227826,Blue
591,14.61025336,30.85544713,0.784949767,41.23604843,Blue
592,43.33560271,32.86712277,81.09918912,61.06802778,Blue
593,9.163408198,27.76301156,19.80928517,21.91882524,Blue
594,52.78057896,14.99265269,55.87011431,47.78475413,Blue
595,40.92785975,83.15922835,80.26766482,73.19459844,Red
596,36.84771161,50.66273295,4.320797999,46.64462526,Blue
597,91.34688549,72.82607927,53.6994606,40.06678722,Red
598,93.81533523,0.546516502,70.58774424,21.88858912,Red
599,24.22034857,96.66286914,94.63275086,82.73562383,Red
600,54.80252677,85.85494523,91.94737587,42.0825289,Red
601,38.61252998,70.13757453,16.92936157,20.4215373,Red
602,55.60071628,77.94957711,13.01128966,93.9571545,Blue
603,32.24364998,97.18239991,11.25398532,65.78082105,Blue
604,52.6266899,81.3746339,59.13337851,35.07393647,Red
605,45.4209837,74.43918679,85.91365925,51.01457111,Red
606,90.10543536,94.16621477,83.77207066,93.10056155,Red
607,16.06591719,0.103920339,1.772878884,40.23888881,Blue
608,16.23947361,31.15969046,59.85264547,49.09721627,Blue
609,56.69704764,16.43125836,72.64612228,40.83694071,Red
610,73.4381455,41.20559953,79.57247812,94.02402837,Red
611,48.78381497,44.60631009,82.1623507,21.68551835,Red
612,12.59591656,69.68020518,12.08583054,6.40782664,Blue
613,6.475128673,40.56536381,77.18812626,33.2314483,Blue
614,5.522272491,77.957067,54.15340377,59.32549191,Blue
615,2.928251216,65.62334554,10.17133318,92.04934299,Blue
616,84.62449081,54.38391954,10.14897616,56.43997616,Blue
617,14.52157127,66.80488956,84.28157442,8.139338678,Red
618,21.43510261,6.494884415,31.62190737,78.5932044,Blue
619,12.62533814,52.97000637,54.61229751,45.32732192,Blue
620,11.4858228,70.04974544,11.90390988,27.29524392,Blue
621,16.51415033,10.47552288,18.00941701,4.165281176,Blue
622,65.5267768,52.86828532,73.82665725,99.49665407,Blue
623,79.58909572,40.44039528,38.1161321,45.74582002,Red
624,34.5470091,72.90200375,32.37024484,31.20298326,Red
625,61.23936427,67.57495668,47.16672782,94.01025199,Blue
626,98.66994111,0.889864201,8.365198246,10.52377224,Blue
627,95.18650715,98.06356219,87.84375355,33.51845736,Red
628,17.47344638,10.25240158,75.779254,64.62621164,Blue
629,85.33887588,34.71118484,23.86597228,58.77858386,Blue
630,50.63609615,94.74315304,32.46672606,86.03429275,Blue
631,70.3796886,7.97059527,35.85944293,50.4842714,Blue
632,42.53372919,21.53436859,29.34093525,42.52844778,Blue
633,9.08486175,8.968963865,12.28309116,27.20036347,Blue
634,4.262554311,99.74089351,46.9367741,25.62019834,Red
635,80.25778493,45.41953795,35.18284316,5.049496271,Red
636,67.72810757,35.49942504,62.46591411,92.66538544,Blue
637,87.49142545,2.092235465,94.23347194,1.476558469,Red
638,65.57245613,41.96060383,89.24678165,64.39391903,Red
639,84.53065315,28.39838291,55.94203614,42.65188286,Red
640,93.25714649,69.99374614,89.10554613,83.19158937,Red
641,37.95865831,25.14121703,78.48511514,32.51086185,Red
642,37.83773076,92.58516488,54.83262926,58.47357652,Red
643,21.41979517,91.06339837,50.16515429,73.93338794,Blue
644,32.04087963,64.62220432,40.12902352,6.454618433,Red
645,41.55005157,94.51618598,71.09420376,52.04732621,Red
646,54.32388914,51.0469767,74.10184527,53.37483067,Red
647,49.76913529,14.19848349,51.72635035,57.3856998,Blue
648,5.649807763,16.74655919,84.94485896,52.54283598,Blue
649,92.53172871,13.578698,23.97325061,50.11874768,Blue
650,74.87272107,87.64768897,55.07429813,71.84723987,Red
651,57.96956794,63.10379882,82.12895248,79.84199992,Red
652,1.58194983,46.48131061,77.80536456,63.83736331,Blue
653,86.00771616,61.41765403,20.59126504,27.04878791,Red
654,90.00984936,39.41553237,89.99149336,38.97369197,Red
655,50.43329014,72.81013324,5.311248228,22.13963224,Red
656,11.47047197,87.32161474,29.69421384,42.04911071,Blue
657,33.5030867,40.10094794,79.02075561,50.45669005,Red
658,78.4391878,44.5314418,0.258220774,35.41720924,Blue
659,61.84198676,26.96769547,86.74024465,39.21809514,Red
660,28.11582731,14.12056548,39.37832316,32.91467496,Blue
661,20.07013428,94.47321655,59.04126726,2.611962807,Red
662,70.71293658,69.19346037,79.84937061,39.52346677,Red
663,87.61200376,61.15196955,6.991613775,77.9474169,Blue
664,68.25679648,56.21168897,35.51027346,43.21591439,Red
665,57.58134047,84.05180837,11.08464593,46.25546448,Red
666,46.75321851,31.44400472,65.4722648,88.78318528,Blue
667,99.53261521,39.02405674,81.37581227,3.004199041,Red
668,77.52096953,45.26130119,29.52847816,68.97978359,Blue
669,20.04390085,77.14302388,23.49103087,72.8992358,Blue
670,18.0945337,78.29582226,93.42912648,98.38392901,Blue
671,0.252787068,23.09119068,15.72048599,92.35770824,Blue
672,57.48849568,76.51090395,7.68296611,12.11069175,Red
673,6.923134508,43.04979083,74.99486435,70.53014585,Blue
674,38.31012726,92.72118885,91.78816705,14.44617225,Red
675,34.53787195,84.65238393,11.96357331,13.92071885,Red
676,32.68426601,71.50730781,49.11920155,66.08336506,Blue
677,94.22933826,46.76278738,77.76711823,72.3724774,Red
678,79.55767722,40.90762335,72.98094369,87.18736533,Red
679,74.09453953,2.037563152,55.51391889,22.16866182,Red
680,74.44629212,9.194587619,29.55524805,20.97728885,Blue
681,54.44042697,52.18724101,76.20597363,64.03131668,Red
682,90.53143935,35.52166797,57.28980333,29.80546526,Red
683,71.69877993,5.940950364,8.532113746,75.2044496,Blue
684,48.32051235,78.73309437,76.06368467,75.39249229,Red
685,77.22285243,47.01711618,46.90927696,30.75861199,Red
686,70.73556336,67.5951064,75.16855974,13.48976071,Red
687,93.52419262,71.76193825,88.24351145,28.8174002,Red
688,97.53005484,54.49852952,81.63398697,41.34551771,Red
689,25.59588691,87.43152604,90.69576584,45.26537506,Red
690,48.97457724,83.1878083,53.25629495,73.94014124,Red
691,88.22284603,27.86862675,95.97826552,60.13270371,Red
692,76.15755988,77.43274004,32.12192333,37.59435912,Red
693,37.69320701,96.54638175,10.16856937,94.31997854,Blue
694,14.26363917,66.48403694,32.66694723,27.42640241,Blue
695,29.54827046,86.93729484,73.29432268,92.36973935,Blue
696,98.16859144,28.02463203,10.00640643,72.37529038,Blue
697,96.60691207,46.06364688,82.65748289,40.49488892,Red
698,21.70546143,38.88972673,61.0522576,54.31101235,Blue
699,71.68811463,22.6135574,11.16287931,12.09628668,Blue
700,72.18252864,69.41807519,3.229930881,87.06610686,Blue
701,67.79273361,64.11765726,71.99795762,26.56750032,Red
702,88.8002778,31.01787451,12.75741825,3.270222952,Red
703,18.75169252,90.75222484,94.68363037,78.10435318,Red
704,2.529286976,25.4015949,19.53049384,28.0679813,Blue
705,55.82490603,34.21331317,62.25206842,91.94502685,Blue
706,96.55654694,20.95727848,48.20390354,13.98782901,Red
707,63.66316103,0.704996493,64.34532955,54.90886342,Blue
708,22.53393965,72.2494977,41.7678968,90.97340686,Blue
709,60.83620511,4.056915416,60.00143303,41.9896259,Blue
710,68.92038964,25.02625258,74.6008851,95.24260586,Blue
711,10.73838583,44.24606272,15.97850005,55.34182572,Blue
712,8.220913705,6.130707456,63.83904806,77.17628088,Blue
713,49.02755058,59.04097636,83.71545059,41.50357178,Red
714,3.904076317,83.90254096,75.21839059,90.41224777,Blue
715,88.32365468,82.69000292,76.56822359,34.28641234,Red
716,35.08872696,55.11705379,19.08378478,48.12775371,Blue
717,67.2513563,19.25631276,76.38334701,8.447425559,Red
718,93.84456887,65.23244916,20.32409976,7.918275992,Red
719,69.03214791,64.60198114,5.192560343,58.93286621,Blue
720,91.44893742,98.84780899,99.67493175,49.57687821,Red
721,45.93803869,90.71703469,16.86405906,84.31087627,Blue
722,26.98988077,12.21165621,13.88563951,28.85867655,Blue
723,22.87649098,56.32948136,76.88646879,28.59633439,Red
724,34.02588948,99.18145564,18.87923082,8.829356663,Red
725,34.85426948,22.88010957,58.32348747,69.39156721,Blue
726,40.675467,34.2287283,45.36201678,41.62869462,Blue
727,3.771495248,42.57103962,42.70598636,51.04046937,Blue
728,22.85170258,97.43318236,44.67616579,21.49657342,Red
729,27.73467085,3.579844421,99.64952732,31.74196362,Blue
730,72.85324534,8.677232501,28.32793566,20.88622653,Blue
731,78.37160181,99.29655457,90.60674957,42.13055923,Red
732,35.1658233,74.26076773,0.022415177,12.0359892,Blue
733,58.05180417,5.247410721,57.17355164,55.62201602,Blue
734,21.03940038,37.60581535,30.55499249,3.181106685,Blue
735,98.8541846,73.62897976,8.492145677,94.78781714,Blue
736,79.03053471,47.92416705,56.64437188,5.436786894,Red
737,22.81568114,94.72196282,67.04272215,87.76368382,Blue
738,60.99414265,18.74942532,38.02966424,93.52202669,Blue
739,45.32218584,77.83603661,47.42970991,54.05379322,Red
740,82.8419431,80.85328657,85.05606688,65.73333592,Red
741,30.97701478,97.66144307,40.72596258,27.61453075,Red
742,40.96807173,50.81344747,61.70001858,2.332348473,Red
743,96.07024087,60.5591435,75.88761067,51.00851269,Red
744,22.96937136,60.85273073,13.3205614,52.6426965,Blue
745,84.5831673,77.52386836,82.20493798,31.22394911,Red
746,83.30639967,5.986659098,8.251906974,9.182090697,Blue
747,31.68482504,28.35917279,68.62848424,53.41652184,Blue
748,9.944595764,29.14155814,55.45219015,92.14658605,Blue
749,10.80134051,25.30131771,1.306633226,49.4351334,Blue
750,30.1716747,70.49774309,58.56840868,19.44950197,Red
751,97.06790212,26.53803224,27.62588022,86.66551617,Blue
752,34.33530978,93.96771323,44.19386018,68.40834998,Red
753,19.3254555,31.09340896,33.41064924,26.32941316,Blue
754,32.68115073,65.19892082,10.6288199,23.98983375,Blue
755,86.92881584,28.37348818,42.72263549,2.666523259,Red
756,37.10480929,60.6161702,54.29035773,54.33468333,Blue
757,90.72898746,94.50404137,19.95724488,9.718467667,Red
758,16.92404943,32.21880312,15.85454113,71.40052607,Blue
759,59.57493554,1.006313497,76.36250975,51.0413103,Blue
760,54.93800624,25.66795156,73.57335475,63.27249806,Blue
761,5.92157129,70.02312169,24.86203913,58.45679807,Blue
762,47.4639531,86.05728112,11.54201722,74.5860053,Blue
763,2.626249578,50.24974714,15.66261822,7.177447911,Blue
764,13.18448581,73.71384358,8.069512618,60.2300138,Blue
765,39.49999994,0.694943185,21.40259403,59.46016557,Blue
766,40.49830604,7.675718282,14.85396421,88.95178035,Blue
767,46.55669756,0.850212423,24.62390261,21.52043373,Blue
768,97.37973342,26.65423177,81.8568011,19.10378625,Red
769,77.74610536,49.43866813,70.29437218,46.99396783,Red
770,40.66597068,63.99209636,56.69540246,54.90623857,Red
771,49.62673086,81.078594,18.41128702,19.03004621,Red
772,79.47936721,46.25743432,27.89049293,82.43767256,Blue
773,69.6453931,25.86375871,4.515334035,60.26117192,Blue
774,54.84886035,55.05498174,14.43905508,40.19037846,Blue
775,10.46364688,46.71123069,9.229299025,69.80031357,Blue
776,87.3859066,52.37393976,88.42799034,17.5283454,Red
777,76.855443,74.55237667,48.65063583,17.89213134,Red
778,30.97269688,53.74726312,89.429575,61.72345156,Red
779,24.71737965,39.12887746,38.59601943,62.66205761,Blue
780,8.924785813,48.60286589,58.70941363,93.4950302,Blue
781,26.38740524,96.3503597,77.49501098,34.12410952,Red
782,40.84154988,42.67729794,45.93660253,32.81854589,Blue
783,23.39387868,76.87616033,43.32248546,99.07468391,Blue
784,31.84863702,41.76520349,63.09711722,49.92732702,Blue
785,13.8130541,12.08068907,76.2277965,85.6341422,Blue
786,69.69128368,77.91060313,94.25137395,43.06411125,Red
787,22.35198059,13.84554404,63.20710533,4.426586336,Blue
788,81.77552292,71.45053543,66.26345793,71.01920702,Red
789,0.008324779,39.00193421,0.178547543,82.78130412,Blue
790,72.93218437,61.23664015,62.57458469,40.01672715,Red
791,60.80052437,17.21640146,60.68708791,54.71678268,Blue
792,40.27254356,69.48351389,39.32367089,46.59192582,Red
793,82.83847696,35.06437363,37.0469496,59.06706615,Blue
794,73.95795747,79.02317191,59.57595426,80.14355839,Red
795,81.24316371,75.58222163,35.54003674,23.10593332,Red
796,26.11805051,73.71096729,81.41008945,68.57523962,Red
797,53.69949721,79.18583924,91.59058711,24.43308529,Red
798,31.42846852,90.34343258,5.46997011,71.36564485,Blue
799,91.59083225,11.09506645,22.91750575,73.77139002,Blue
800,86.47613938,5.348768125,18.56116542,92.70206496,Blue
801,1.645240699,10.35667686,3.265633405,28.72091849,Blue
802,88.92403507,64.183905,66.36292123,42.91501447,Red
803,40.90041095,33.47295592,84.37172071,55.46758897,Red
804,72.33006319,59.46864097,61.88238266,72.97827541,Red
805,43.4635758,45.25411309,83.2853442,42.02272905,Red
806,58.24436077,47.42098288,64.76501016,49.43809145,Red
807,64.58307139,49.97027474,5.474793482,58.30412567,Blue
808,72.46397509,92.21009314,82.05389248,43.49084633,Red
809,17.38590699,92.8632273,24.27692942,28.8502725,Red
810,56.70458517,15.26861855,10.44732858,19.98869139,Blue
811,4.416348659,16.05417959,76.30933239,54.12877491,Blue
812,54.33019801,61.10431685,18.73315784,78.07649129,Blue
813,76.45777149,34.22163781,16.09489225,77.78889757,Blue
814,30.32619627,43.12408866,89.91875018,56.00713538,Red
815,85.22421199,92.62853152,87.0423491,81.63185754,Red
816,47.18510749,79.07829235,5.405001826,29.13161469,Red
817,13.45759408,14.37858764,31.15776838,53.24679699,Blue
818,70.24820536,70.31868528,58.65132391,17.97338293,Red
819,6.809791092,95.97932128,39.66562344,74.51896434,Blue
820,71.28727183,95.25969656,98.11414468,40.23831674,Red
821,64.02751854,47.20928504,99.60991751,67.6560108,Red
822,32.38473104,1.384209956,31.50229642,80.59450256,Blue
823,19.16581528,23.29039546,64.97580583,45.65413315,Blue
824,50.6494643,35.97912803,22.58032244,99.00834785,Blue
825,95.94696443,33.45318642,2.33526487,59.84001788,Blue
826,83.25405536,90.84253759,71.27613232,42.73973526,Red
827,28.26233775,92.02018791,84.82962236,73.28090582,Red
828,3.834044011,66.71807532,25.22380943,49.67136853,Blue
829,17.61497946,49.7006287,81.4180224,40.245139,Red
830,49.3852646,9.227553066,43.68153275,26.80620642,Blue
831,47.35166001,48.09145651,4.330295724,70.87440586,Blue
832,85.62751746,68.52787284,79.55118555,81.28650556,Red
833,34.7559805,92.09342817,78.047628,68.15048047,Red
834,41.13650019,17.93892573,82.41966862,22.63628689,Red
835,55.43669094,16.95923338,67.83096755,72.37826723,Blue
836,17.6466239,0.573694346,92.41663833,98.28442287,Blue
837,20.59115614,86.24383669,70.96127287,77.74654402,Red
838,27.19458678,97.15889307,18.46908068,83.31386933,Blue
839,57.70536364,21.84206523,37.95509524,59.60290934,Blue
840,33.67866908,57.35230102,24.42033249,52.15855936,Blue
841,93.20646262,90.01934708,70.90504337,49.14321816,Red
842,34.93389682,73.56154458,73.23079924,26.35780212,Red
843,84.70279092,35.44957234,82.96471206,83.56696445,Red
844,46.36085934,79.88360461,89.23044225,24.88641256,Red
845,87.43670503,40.42270366,71.89097475,41.08279416,Red
846,2.125012435,14.66725598,21.67300125,20.66980865,Blue
847,47.88393596,39.21529123,23.9836145,55.23084006,Blue
848,9.104786612,91.55277293,21.07365621,6.832030892,Red
849,61.35295173,26.42122361,42.21957864,42.19326102,Blue
850,66.50894055,93.38180157,23.54613263,23.54116613,Red
851,49.46832644,69.45346075,36.04976564,23.45921153,Red
852,81.04194741,6.134826342,65.22432819,67.85349291,Blue
853,53.93146252,53.6967083,8.921685172,16.62104947,Blue
854,15.82681498,9.256256868,61.01644462,26.56305379,Blue
855,33.15298348,0.922999272,50.78252794,46.00478781,Blue
856,3.14269682,57.30074367,56.1587088,2.637444426,Red
857,16.09017228,60.89864449,44.48870783,26.66971361,Blue
858,91.54556667,95.56413878,19.36922843,46.56150342,Red
859,41.87537629,26.71147386,99.87332081,56.41558861,Red
860,73.28664449,36.26402483,28.61268042,8.438118906,Red
861,2.739201781,62.06887676,61.18769059,4.936577618,Red
862,70.50407646,98.54797649,34.61371368,63.62551473,Red
863,85.26988907,45.55690772,31.529191,0.522700115,Red
864,30.16784415,41.83543766,99.82928574,32.27940817,Red
865,68.06610045,94.62241037,54.95573831,10.19748404,Red
866,13.32114678,13.75157893,51.25832863,74.2753431,Blue
867,68.87051425,0.45186072,73.14424101,76.19783847,Blue
868,98.84487702,88.17271937,88.65683339,69.8691561,Red
869,18.21234697,46.68542968,77.64591432,31.09905949,Red
870,21.99829831,83.7156713,31.98086946,50.61527842,Blue
871,78.0244167,97.50255525,46.10954783,93.11427678,Red
872,57.63469678,36.91729286,69.75408392,53.41315886,Red
873,74.90663051,53.33491516,65.08968994,1.302208816,Red
874,45.06375386,21.65138184,38.28259598,61.09636217,Blue
875,2.393697222,42.55691463,97.57639433,62.81579017,Blue
876,87.73411902,2.659165962,69.45239263,61.99288361,Blue
877,21.07090107,87.93879072,23.57953621,94.13407159,Blue
878,75.20706606,90.45683461,96.47647633,87.65938898,Red
879,41.16282869,77.22524015,98.67034571,79.2809389,Red
880,3.556472895,63.27436775,5.892178437,83.3057148,Blue
881,70.01486941,47.33913798,97.02389507,17.06290672,Red
882,84.8068926,80.3805104,72.27368912,27.16280151,Red
883,1.204989202,25.23115205,42.31188168,18.11239976,Blue
884,34.05821368,63.3512827,82.95084479,29.61666443,Red
885,99.94623663,16.769603,94.10704791,4.689273317,Red
886,89.89969289,42.60805817,45.47939678,96.90951952,Blue
887,54.01192238,95.15362127,38.1781543,70.43511386,Red
888,2.135971671,59.74113159,99.30457122,68.14139026,Blue
889,29.92340968,39.93421598,8.921428376,54.95604892,Blue
890,23.76736325,48.80840323,0.88910585,85.8867525,Blue
891,13.30468299,74.11542371,38.69812354,40.4852869,Blue
892,51.83018551,95.59186184,50.63127372,49.93672354,Red
893,78.03299371,4.400374411,23.64109429,0.738870022,Red
894,15.59074344,88.62018019,8.047133733,71.45447458,Blue
895,59.40621188,4.083441078,15.91264153,12.6515964,Blue
896,32.04264502,41.01591715,94.99435784,23.08060067,Red
897,68.19865993,16.72040882,28.95160281,44.8898017,Blue
898,93.1796923,99.78585966,55.21076841,21.94191,Red
899,36.66781817,42.01436837,17.53412026,92.4845013,Blue
900,5.191335014,86.81943331,62.23911169,36.86849575,Red
901,57.62170682,80.31119664,72.49915464,59.58648431,Red
902,53.29480459,13.75412636,57.69429232,91.2441923,Blue
903,73.51465675,66.74800844,19.18534631,66.71977607,Blue
904,98.26234688,66.85566324,11.67642182,6.466267112,Red
905,19.40968688,45.93639808,36.98964957,12.36725581,Blue
906,61.43518635,98.55073245,84.17811395,75.13838844,Red
907,50.25821102,12.71646124,16.58395908,35.72161741,Blue
908,88.90390999,12.85749949,90.39493798,49.76872648,Red
909,39.00888103,90.5486647,45.34158431,59.9158562,Red
910,3.201429336,29.24906991,31.59282862,33.29371654,Blue
911,47.09931179,10.23362893,77.50982709,21.52492935,Red
912,58.31940021,18.14324834,87.76541728,53.69900357,Red
913,20.02887949,1.057577278,49.98383052,40.24846875,Blue
914,38.7048489,97.01915272,89.72077581,97.05816153,Red
915,42.54898663,23.91547467,64.13723756,72.02286501,Blue
916,15.33454268,43.73521842,47.04329842,34.36056715,Blue
917,42.29383929,19.12372595,78.57743294,42.42405436,Blue
918,91.36768779,72.75459072,38.1615611,87.0810258,Red
919,67.16560093,20.05769528,62.02051515,40.07293536,Red
920,79.43943287,67.94729647,90.2113593,4.636062123,Red
921,10.53266622,62.10282041,99.74817721,22.17559114,Red
922,21.70008201,9.495044599,51.60850989,87.25027615,Blue
923,8.030949341,93.99464852,69.68411053,15.40845339,Red
924,44.82776408,91.63983939,79.11876217,51.49022867,Red
925,97.9090421,91.2876224,91.93804019,1.975410682,Red
926,54.40037976,46.131739,95.64484011,88.94970521,Red
927,38.42970705,34.22867463,48.38329564,4.682552104,Red
928,68.20468335,42.83965865,37.27206124,32.47937762,Red
929,0.446762461,67.28733744,57.74024002,6.861666451,Red
930,89.44149443,63.13217013,38.94672214,45.72953189,Red
931,72.68005563,61.45756273,80.1773063,75.59891835,Red
932,95.34839073,7.73753026,50.29817966,40.78500139,Red
933,36.31639243,45.03507579,91.81612516,2.56039607,Red
934,63.26283346,53.53515271,77.75586149,92.10021482,Red
935,74.76845068,44.66880218,35.97384082,15.66421462,Red
936,42.72624268,97.67331803,25.64751589,24.77196962,Red
937,72.04073633,75.96743042,96.10024606,55.96250934,Red
938,56.97317438,82.73788994,93.24690505,89.82221184,Red
939,14.11121701,24.65956771,61.46551061,27.15936995,Blue
940,36.038255,47.96897358,13.35163228,28.40918028,Blue
941,51.91158367,78.10318631,19.84436109,3.603847276,Red
942,49.34546608,8.818531879,62.21751563,39.99395898,Blue
943,5.060607666,2.476192136,58.67408119,18.87763761,Blue
944,64.33320674,88.01929464,88.065871,52.05678879,Red
945,29.4217912,77.71790733,57.41623457,88.66574623,Blue
946,18.09444166,36.23809892,26.29138073,75.88216567,Blue
947,22.90892967,43.86668429,26.11924505,81.44367395,Blue
948,87.38330221,68.87606722,25.97322256,98.65744068,Blue
949,56.31757911,63.99376141,46.75495288,87.9853372,Blue
950,43.60416425,54.89564953,88.27546057,31.31185082,Red
951,57.52093185,17.58312532,20.40048352,68.24975268,Blue
952,0.322316934,15.08912094,42.85725567,72.84722346,Blue
953,46.98164058,62.7982218,85.09834559,90.71752411,Red
954,52.54101732,26.1329315,36.62497123,84.65936223,Blue
955,6.733808315,41.34284467,18.45617422,88.04780196,Blue
956,61.46800267,97.22536935,9.728971514,12.60068462,Red
957,38.35437011,70.21855602,2.502997479,80.36530784,Blue
958,13.57294898,86.51421493,63.24831826,33.15009602,Red
959,54.78558487,78.30256324,86.94245001,69.18263399,Red
960,52.01855149,89.60735654,83.33996246,80.17195268,Red
961,40.88502999,70.50912738,14.18634118,5.205484817,Red
962,43.57993108,99.18825284,64.65785787,59.91048658,Red
963,26.13554876,67.41081492,4.191211648,4.107615397,Blue
964,14.58187137,46.64220864,97.87093534,18.71916504,Red
965,80.56945882,6.54579703,12.56214164,26.5559532,Blue
966,34.48609946,4.822811614,68.41269802,33.4269043,Blue
967,83.79355868,58.67525622,31.58553376,42.09041828,Red
968,73.42885206,60.68754637,82.01821973,7.6386729,Red
969,14.33932526,77.97171944,16.5500645,6.241946391,Red
970,15.32901212,34.48097005,80.4942451,72.39371505,Blue
971,19.58314244,50.60652347,14.60170952,80.8167107,Blue
972,45.00063213,79.93279019,53.71566714,73.60873397,Red
973,31.16503799,29.84882207,41.61765275,25.96918006,Blue
974,56.05978571,83.53925099,78.6179947,39.83716895,Red
975,86.33562672,57.04532932,49.82572467,83.04700656,Red
976,32.60098497,23.25419939,80.4933923,32.01208397,Red
977,36.59790472,5.315083195,53.31112762,58.30922452,Blue
978,78.32816837,78.747276,78.30021348,17.19819752,Red
979,79.61129803,74.23707937,69.76020909,88.5526825,Red
980,96.28478534,1.143198984,76.11419467,6.469596605,Red
981,94.77031236,66.73145889,94.67607143,49.22304455,Red
982,87.56149744,53.47997004,48.77928886,36.54392613,Red
983,29.99614276,17.43231509,36.05263472,46.91701795,Blue
984,41.26766069,26.05771694,4.018309835,32.85778994,Blue
985,79.70044324,49.12458547,18.53746378,57.60402359,Blue
986,13.90001264,78.41637851,21.40968658,22.63621164,Blue
987,8.74218355,48.46513442,36.39606443,95.30564478,Blue
988,22.46186551,75.47317442,2.230859209,57.63110528,Blue
989,98.11707228,50.39828705,19.91427933,82.85923895,Blue
990,43.54801212,22.64951763,8.844090082,28.81019352,Blue
991,62.18412789,66.27308598,81.68744618,29.90642283,Red
992,44.31074061,31.60611554,35.10479776,11.19796201,Blue
993,71.05925371,11.42979581,9.603991217,42.85493646,Blue
994,75.24149751,90.66967297,95.00891977,67.38119181,Red
995,82.74823649,66.90942499,35.09248082,42.70076698,Red
996,7.866032175,8.818943947,49.60766527,31.20058024,Blue
997,87.70568552,33.63939409,80.37951484,3.629735147,Red
998,55.14201396,19.34364739,4.249676237,14.70226481,Blue
999,76.58389628,63.1624671,97.40563562,61.46863904,Red
1000,19.31927218,54.69212956,20.57911043,5.311295406,
1001,84.70895649,56.66618836,40.60339643,93.59755957,
1002,45,34,90,80,
